kind,source_slug,outlet_name_for_reference,owner_name,owner_type,parent_group,evidence_url,verified_by,dimension,rater,value,method_url,retrieved_at,confidence
ownership,aaj-tak,Aaj Tak,,,,,,,,,,,
ownership,amar-ujala,Amar Ujala,,,,,,,,,,,
ownership,dainik-bhaskar,Dainik Bhaskar,,,,,,,,,,,
ownership,dainik-jagran,Dainik Jagran,,,,,,,,,,,
ownership,deccan-herald,Deccan Herald,,,,,,,,,,,
ownership,hindustan-hindi,Hindustan,,,,,,,,,,,
ownership,hindustan-times,Hindustan Times,,,,,,,,,,,
ownership,india-today,India Today,,,,,,,,,,,
ownership,loksatta,Loksatta,,,,,,,,,,,
ownership,republic-world,Republic,,,,,,,,,,,
ownership,sakal,Sakal,,,,,,,,,,,
ownership,scroll,Scroll,,,,,,,,,,,
ownership,economic-times,The Economic Times,,,,,,,,,,,
ownership,the-hindu,The Hindu,,,,,,,,,,,
ownership,indian-express,The Indian Express,,,,,,,,,,,
ownership,times-of-india,The Times of India,,,,,,,,,,,
ownership,the-print,ThePrint,,,,,,,,,,,
