kind,source_slug,dimension,rater,value,method_url,evidence_url,retrieved_at,confidence
rating,aaj-tak,factuality,Media Bias/Fact Check,Mixed,https://mediabiasfactcheck.com/methodology/,https://mediabiasfactcheck.com/aaj-tak-bias-and-credibility/,2026-09-23,high
rating,deccan-herald,factuality,Media Bias/Fact Check,Mixed,https://mediabiasfactcheck.com/methodology/,https://mediabiasfactcheck.com/deccan-herald/,2026-09-23,medium
rating,economic-times,factuality,Media Bias/Fact Check,Mixed,https://mediabiasfactcheck.com/methodology/,https://mediabiasfactcheck.com/the-economic-times/,2026-09-23,high
rating,hindustan-times,factuality,Media Bias/Fact Check,Mixed,https://mediabiasfactcheck.com/methodology/,https://mediabiasfactcheck.com/hindustan-times/,2026-09-23,high
rating,india-today,factuality,Media Bias/Fact Check,Mixed,https://mediabiasfactcheck.com/methodology/,https://mediabiasfactcheck.com/india-today/,2026-09-23,high
rating,indian-express,factuality,Media Bias/Fact Check,Mixed,https://mediabiasfactcheck.com/methodology/,https://mediabiasfactcheck.com/the-indian-express/,2026-09-23,high
rating,republic-world,factuality,Media Bias/Fact Check,Mixed,https://mediabiasfactcheck.com/methodology/,https://mediabiasfactcheck.com/republic-world/,2026-09-23,high
rating,scroll,factuality,Media Bias/Fact Check,Mostly Factual,https://mediabiasfactcheck.com/methodology/,https://mediabiasfactcheck.com/scroll-in/,2026-09-23,high
rating,the-hindu,factuality,Media Bias/Fact Check,Mostly Factual,https://mediabiasfactcheck.com/methodology/,https://mediabiasfactcheck.com/the-hindu/,2026-09-23,medium
rating,the-print,factuality,Media Bias/Fact Check,Mostly Factual,https://mediabiasfactcheck.com/methodology/,https://mediabiasfactcheck.com/theprint-bias/,2026-09-23,medium
rating,times-of-india,factuality,Media Bias/Fact Check,Mixed,https://mediabiasfactcheck.com/methodology/,https://mediabiasfactcheck.com/times-of-india/,2026-09-23,high
